feature,importance
recency,0.7495211699641857
frequency,0.035176608575696655
monetary,0.06074606650569904
rfm_score,0.1545561549544186
